,lossG,lossD
0,1.9934234619140625,1.7000112533569336
1,1.9270028471946716,1.1974814534187317
